id,real_name,student_no
8,孙芳,S00008
35,孙洁,S00035
40,孙慧雪,S00040
92,孙鑫,S00092
93,孙丹,S00093
111,孙雪,S00111
123,孙洋,S00123
133,孙洋,S00133
137,孙宇,S00137
225,孙慧,S00225
341,孙杰,S00341
385,孙燕,S00385
399,孙涛,S00399
507,孙斌涛,S00507
544,孙皓,S00544
570,孙婷丹,S00570
623,孙媛,S00623
640,孙凯,S00640
643,孙颖,S00643
649,孙鹏,S00649
654,孙倩,S00654
672,孙雅,S00672
745,孙浩,S00745
775,孙颖媛,S00775
783,孙鹏,S00783
871,孙昊,S00871
887,孙强,S00887
925,孙昊,S00925
935,孙磊博,S00935
954,孙磊,S00954
964,孙敏,S00964
985,孙凯,S00985
1002,孙敏敏,S01002
1035,孙敏,S01035
1052,孙宇,S01052
1057,孙强,S01057
1081,孙媛,S01081
1098,孙雅,S01098
1140,孙雅,S01140
1156,孙宇磊,S01156
1167,孙鑫,S01167
1179,孙晨,S01179
1183,孙琳,S01183
1200,孙欣,S01200
1231,孙晨,S01231
1306,孙雅,S01306
1370,孙丹,S01370
1396,孙静琳,S01396
1402,孙斌,S01402
1466,孙慧,S01466
1502,孙婷,S01502
1536,孙洁,S01536
1634,孙昊,S01634
1661,孙鹏博,S01661
1680,孙丹,S01680
1702,孙颖,S01702
1728,孙皓,S01728
1735,孙琪,S01735
1741,孙浩航,S01741
1748,孙斌,S01748
1785,孙丽,S01785
1800,孙媛,S01800
1818,孙艳,S01818
1832,孙鹏,S01832
1860,孙昊,S01860
1900,孙军,S01900
1902,孙颖倩,S01902
1904,孙博洋,S01904
1919,孙敏,S01919
2090,孙军,S02090
2099,孙丹媛,S02099
2112,孙军,S02112
2124,孙晨,S02124
2154,孙军皓,S02154
2156,孙雅洁,S02156
2163,孙博涛,S02163
2172,孙峰涛,S02172
2190,孙静,S02190
2236,孙斌,S02236
2270,孙颖倩,S02270
2313,孙宇,S02313
2397,孙琳娜,S02397
2407,孙雅,S02407
2429,孙颖,S02429
2432,孙芳,S02432
2437,孙娜,S02437
2500,孙浩勇,S02500
2525,孙静,S02525
2591,孙宇洋,S02591
2607,孙峰,S02607
2685,孙丽丹,S02685
2700,孙倩,S02700
2704,孙倩,S02704
2799,孙杰博,S02799
2815,孙鑫,S02815
2848,孙凯,S02848
2850,孙颖,S02850
2858,孙娜,S02858
2886,孙洁,S02886
2926,孙昊宇,S02926
3064,孙勇,S03064
3096,孙丹,S03096
3101,孙强,S03101
3127,孙涛,S03127
3151,孙丹,S03151
3169,孙芳,S03169
3265,孙雪娜,S03265
3292,孙军,S03292
3299,孙涛凯,S03299
3325,孙涛超,S03325
3338,孙杰强,S03338
3344,孙昊,S03344
3359,孙静洁,S03359
3394,孙颖,S03394
3418,孙昊,S03418
3421,孙琪萍,S03421
3444,孙皓,S03444
3451,孙磊洋,S03451
3645,孙鹏博,S03645
3663,孙婷,S03663
3704,孙琳,S03704
3820,孙晨,S03820
3827,孙涛,S03827
3841,孙峰,S03841
3867,孙航,S03867
3870,孙艳,S03870
3914,孙博,S03914
3930,孙涛,S03930
3940,孙强鹏,S03940
3943,孙媛,S03943
3978,孙磊浩,S03978
3982,孙超,S03982
3996,孙媛静,S03996
4080,孙杰博,S04080
4122,孙磊,S04122
4199,孙伟,S04199
4215,孙晨,S04215
4230,孙丹,S04230
4258,孙峰,S04258
4260,孙军,S04260
4262,孙雅,S04262
4377,孙杰宇,S04377
4433,孙昊皓,S04433
4457,孙宇浩,S04457
4477,孙雅,S04477
4499,孙昊宇,S04499
4546,孙浩杰,S04546
4568,孙凯杰,S04568
4577,孙艳,S04577
4589,孙宇,S04589
4647,孙颖,S04647
4784,孙峰,S04784
4819,孙浩,S04819
4881,孙航,S04881
4928,孙雅洁,S04928
4971,孙芳琪,S04971
5020,孙萍丽,S05020
5049,孙倩,S05049
5135,孙宇,S05135
5209,孙欣,S05209
5212,孙丹,S05212
5303,孙伟博,S05303
5334,孙军,S05334
5378,孙颖,S05378
5415,孙杰,S05415
5438,孙倩,S05438
5493,孙萍,S05493
5509,孙雪琳,S05509
5544,孙磊勇,S05544
5557,孙丹,S05557
5570,孙丹,S05570
5613,孙峰,S05613
5724,孙雅,S05724
5725,孙皓,S05725
5764,孙峰军,S05764
5839,孙琪,S05839
5841,孙燕,S05841
5866,孙婷,S05866
5925,孙雅敏,S05925
5946,孙军鹏,S05946
5949,孙艳欣,S05949
5952,孙倩雪,S05952
5986,孙伟,S05986
6014,孙婷,S06014
6091,孙欣,S06091
6128,孙敏,S06128
6169,孙艳,S06169
6185,孙鑫,S06185
6200,孙宇涛,S06200
6220,孙峰,S06220
6237,孙琳,S06237
6247,孙洁,S06247
6307,孙勇,S06307
6315,孙倩,S06315
6392,孙强,S06392
6393,孙峰,S06393
6421,孙磊,S06421
6465,孙婷,S06465
6518,孙斌,S06518
6628,孙航,S06628
6633,孙涛,S06633
6673,孙芳,S06673
6692,孙艳,S06692
6798,孙凯斌,S06798
6866,孙凯,S06866
6880,孙皓,S06880
6893,孙娜婷,S06893
6895,孙媛,S06895
7005,孙丹丹,S07005
7046,孙航涛,S07046
7052,孙敏,S07052
7088,孙萍静,S07088
7143,孙晨,S07143
7160,孙萍,S07160
7182,孙琪,S07182
7262,孙宇,S07262
7312,孙伟超,S07312
7334,孙峰,S07334
7364,孙鹏,S07364
7555,孙萍,S07555
7569,孙敏,S07569
7632,孙斌,S07632
7694,孙娜,S07694
7721,孙晨宇,S07721
7730,孙皓,S07730
7769,孙婷,S07769
7805,孙勇鹏,S07805
7819,孙斌,S07819
7971,孙宇,S07971
7997,孙萍,S07997
8047,孙丽,S08047
8066,孙洁,S08066
8079,孙丹,S08079
8119,孙媛,S08119
8129,孙磊,S08129
8152,孙峰,S08152
8164,孙芳,S08164
8177,孙婷,S08177
8186,孙伟,S08186
8190,孙慧雪,S08190
8294,孙皓宇,S08294
8328,孙昊航,S08328
8332,孙芳,S08332
8349,孙宇,S08349
8397,孙浩航,S08397
8447,孙伟,S08447
8472,孙静,S08472
8515,孙勇,S08515
8521,孙婷,S08521
8526,孙洋,S08526
8551,孙丹敏,S08551
8571,孙雪欣,S08571
8591,孙磊,S08591
8608,孙宇磊,S08608
8638,孙娜,S08638
8710,孙宇,S08710
8722,孙洁婷,S08722
8728,孙丽,S08728
8750,孙雅,S08750
8783,孙芳媛,S08783
8963,孙杰,S08963
8965,孙鹏,S08965
9038,孙斌,S09038
9131,孙婷,S09131
9142,孙雪,S09142
9276,孙燕敏,S09276
9297,孙艳琪,S09297
9302,孙雪,S09302
9332,孙涛,S09332
9377,孙宇,S09377
9387,孙媛,S09387
9391,孙萍,S09391
9417,孙萍,S09417
9421,孙颖,S09421
9440,孙峰,S09440
9442,孙媛洁,S09442
9498,孙婷燕,S09498
9507,孙倩,S09507
9527,孙婷,S09527
9570,孙琪,S09570
9574,孙斌,S09574
9606,孙媛,S09606
9613,孙婷,S09613
9748,孙媛洁,S09748
9767,孙艳,S09767
9899,孙婷,S09899
10042,孙媛,S10042
10102,孙超,S10102
10130,孙凯涛,S10130
10255,孙磊,S10255
10301,孙芳,S10301
10318,孙勇,S10318
10333,孙婷,S10333
10383,孙琳,S10383
10411,孙琪,S10411
10416,孙皓,S10416
10459,孙萍静,S10459
10472,孙昊,S10472
10485,孙超,S10485
10499,孙雪,S10499
10544,孙超,S10544
10592,孙强,S10592
10596,孙琳,S10596
10615,孙洁,S10615
10680,孙航,S10680
10716,孙敏,S10716
10766,孙萍,S10766
10799,孙琪,S10799
10878,孙雪燕,S10878
10894,孙航强,S10894
10907,孙萍,S10907
10976,孙慧,S10976
11136,孙磊,S11136
11157,孙静,S11157
11165,孙峰,S11165
11179,孙浩,S11179
11228,孙娜,S11228
11257,孙艳,S11257
11262,孙凯,S11262
11276,孙杰,S11276
11293,孙雪,S11293
11335,孙伟,S11335
11347,孙鹏,S11347
11438,孙昊,S11438
11472,孙勇,S11472
11598,孙鹏军,S11598
11653,孙鑫,S11653
11716,孙鑫,S11716
11725,孙勇勇,S11725
11762,孙洁,S11762
11800,孙艳倩,S11800
11847,孙伟,S11847
11916,孙强,S11916
11997,孙强勇,S11997
12002,孙雅洁,S12002
12011,孙婷雅,S12011
12129,孙磊,S12129
12221,孙伟,S12221
12226,孙鹏,S12226
12231,孙萍,S12231
12239,孙涛晨,S12239
12294,孙晨,S12294
12330,孙丽,S12330
12341,孙斌,S12341
12364,孙艳,S12364
12406,孙军,S12406
12417,孙鑫宇,S12417
12480,孙洁,S12480
12483,孙昊,S12483
12484,孙芳,S12484
12528,孙琳,S12528
12576,孙洁,S12576
12636,孙斌,S12636
12647,孙丹,S12647
12660,孙娜,S12660
12672,孙鑫,S12672
12679,孙丽,S12679
12734,孙杰军,S12734
12793,孙雅丹,S12793
12812,孙颖,S12812
12933,孙杰,S12933
12974,孙琪,S12974
12991,孙丹,S12991
13043,孙艳,S13043
13053,孙鹏,S13053
13060,孙涛,S13060
13133,孙军峰,S13133
13137,孙雅,S13137
13207,孙凯,S13207
13219,孙娜,S13219
13240,孙伟博,S13240
13266,孙洁,S13266
13273,孙凯斌,S13273
13290,孙媛琪,S13290
13294,孙强昊,S13294
13396,孙宇洋,S13396
13422,孙杰,S13422
13432,孙琳倩,S13432
13434,孙雪琪,S13434
13441,孙斌,S13441
13445,孙晨,S13445
13480,孙鹏,S13480
13497,孙洁,S13497
13505,孙琳琳,S13505
13524,孙洋博,S13524
13666,孙昊,S13666
13743,孙斌,S13743
13765,孙雪,S13765
13845,孙昊,S13845
13856,孙萍,S13856
13992,孙峰,S13992
14001,孙颖,S14001
14021,孙燕,S14021
14031,孙娜,S14031
14047,孙鑫皓,S14047
14128,孙博博,S14128
14207,孙超,S14207
14339,孙斌,S14339
14370,孙静,S14370
14377,孙丹娜,S14377
14396,孙静,S14396
14407,孙娜,S14407
14469,孙颖,S14469
14470,孙媛,S14470
14541,孙强,S14541
14585,孙涛,S14585
14601,孙超,S14601
14607,孙洁,S14607
14649,孙娜,S14649
14664,孙雪,S14664
14684,孙静,S14684
14686,孙昊,S14686
14702,孙慧,S14702
14707,孙昊,S14707
14725,孙静敏,S14725
14767,孙鹏,S14767
14785,孙博,S14785
14822,孙峰,S14822
14894,孙琳慧,S14894
14913,孙斌伟,S14913
14955,孙浩,S14955
14966,孙鹏浩,S14966
14979,孙颖,S14979
14984,孙琳媛,S14984
15005,孙皓,S15005
15023,孙浩,S15023
15049,孙静琪,S15049
15052,孙昊勇,S15052
15116,孙洋,S15116
15178,孙慧,S15178
15233,孙皓,S15233
15270,孙琳,S15270
15304,孙娜,S15304
15351,孙媛洁,S15351
15375,孙萍倩,S15375
15383,孙丹敏,S15383
15392,孙斌,S15392
15482,孙艳,S15482
15483,孙丹,S15483
15507,孙鑫,S15507
15638,孙鑫,S15638
15656,孙丹雪,S15656
15690,孙伟峰,S15690
15711,孙雅,S15711
15764,孙媛,S15764
15772,孙琪,S15772
15777,孙媛,S15777
15784,孙洁,S15784
15829,孙丹雅,S15829
15848,孙敏,S15848
15907,孙萍,S15907
15969,孙娜,S15969
16036,孙磊,S16036
16038,孙洋,S16038
16077,孙宇航,S16077
16095,孙昊,S16095
16149,孙娜,S16149
16152,孙艳芳,S16152
16164,孙勇鹏,S16164
16220,孙丽,S16220
16229,孙琪欣,S16229
16248,孙洋伟,S16248
16257,孙峰,S16257
16287,孙军伟,S16287
16319,孙颖敏,S16319
16328,孙娜,S16328
16366,孙杰杰,S16366
16383,孙洁娜,S16383
16419,孙琪,S16419
16422,孙宇,S16422
16648,孙凯皓,S16648
16735,孙杰,S16735
16804,孙雅雪,S16804
16810,孙颖倩,S16810
16820,孙丽,S16820
16833,孙丽,S16833
16873,孙颖芳,S16873
16901,孙航强,S16901
16913,孙静萍,S16913
16915,孙皓,S16915
16969,孙琳燕,S16969
16981,孙婷,S16981
16982,孙艳媛,S16982
17090,孙丽颖,S17090
17105,孙琳,S17105
17164,孙斌,S17164
17245,孙娜丽,S17245
17335,孙峰,S17335
17371,孙琳,S17371
17405,孙昊,S17405
17409,孙敏洁,S17409
17427,孙颖,S17427
17505,孙婷敏,S17505
17514,孙慧,S17514
17542,孙欣,S17542
17588,孙峰杰,S17588
17593,孙航,S17593
17625,孙博,S17625
17684,孙洋斌,S17684
17693,孙强,S17693
17770,孙敏,S17770
17795,孙峰,S17795
17847,孙芳雅,S17847
17882,孙勇,S17882
17907,孙颖,S17907
17921,孙雅倩,S17921
17927,孙鹏,S17927
17953,孙欣丽,S17953
17973,孙洁,S17973
18058,孙宇,S18058
18088,孙杰,S18088
18189,孙凯,S18189
18222,孙峰强,S18222
18265,孙娜芳,S18265
18288,孙超,S18288
18337,孙静,S18337
18369,孙倩,S18369
18385,孙敏,S18385
18402,孙斌,S18402
18467,孙雪,S18467
18472,孙慧倩,S18472
18481,孙萍媛,S18481
18576,孙凯,S18576
18592,孙洋凯,S18592
18607,孙琪慧,S18607
18635,孙鹏,S18635
18677,孙超,S18677
18710,孙洋,S18710
18844,孙杰,S18844
18926,孙颖,S18926
18960,孙敏琪,S18960
18969,孙凯,S18969
18975,孙磊鑫,S18975
19060,孙鹏,S19060
19099,孙宇,S19099
19113,孙昊宇,S19113
19126,孙洋,S19126
19149,孙雪,S19149
19151,孙强军,S19151
19193,孙凯昊,S19193
19197,孙萍,S19197
19224,孙鑫,S19224
19225,孙宇,S19225
19305,孙洋晨,S19305
19343,孙峰,S19343
19415,孙颖,S19415
19433,孙丹,S19433
19476,孙鑫,S19476
19494,孙艳,S19494
19513,孙静,S19513
19524,孙皓凯,S19524
19565,孙伟凯,S19565
19619,孙琪,S19619
19651,孙慧,S19651
19672,孙磊,S19672
19709,孙超皓,S19709
19751,孙丹,S19751
19780,孙欣,S19780
19787,孙萍,S19787
19815,孙伟博,S19815
19830,孙皓,S19830
19882,孙勇,S19882
19914,孙杰,S19914
19945,孙皓航,S19945
19999,孙丽,S19999
